{
  "images" : [
    {
      "idiom" : "universal",
      "filename" : "if_-shopping-cart-ShapesFREE_66351.png",
      "scale" : "1x"
    },
    {
      "idiom" : "universal",
      "filename" : "if_-shopping-cart-ShapesFREE_66351-2.png",
      "scale" : "2x"
    },
    {
      "idiom" : "universal",
      "filename" : "if_-shopping-cart-ShapesFREE_66351-1.png",
      "scale" : "3x"
    }
  ],
  "info" : {
    "version" : 1,
    "author" : "xcode"
  },
  "properties" : {
    "template-rendering-intent" : "original"
  }
}